{"cameraMode":{"drawMode":0,"name":"Shaded","section":"Shading Mode"},"sceneLighting":true,"audioPlay":false,"sceneViewState":{"showFog":true,"showMaterialUpdate":false,"showSkybox":true,"showFlares":true,"showImageEffects":true,"showParticleSystems":true},"in2DMode":false,"pivot":{"x":3.076171875,"y":0.50341796875,"z":-3.3466796875},"rotation":{"x":0.023050831630825998,"y":0.9683383107185364,"z":-0.22859367728233338,"w":0.09764488786458969},"size":7.364448547363281,"orthographic":true}