{"cameraMode":{"drawMode":0,"name":"Shaded","section":"Shading Mode"},"sceneLighting":true,"audioPlay":false,"sceneViewState":{"showFog":true,"showMaterialUpdate":false,"showSkybox":true,"showFlares":true,"showImageEffects":true,"showParticleSystems":true},"in2DMode":false,"pivot":{"x":9.87818431854248,"y":2.0679314136505129,"z":-0.6944846510887146},"rotation":{"x":7.492624298777173e-9,"y":0.9869076013565064,"z":-0.16129253804683686,"w":-7.441525440299302e-8},"size":7.3329949378967289,"orthographic":true}