{"cameraMode":{"drawMode":0,"name":"Shaded","section":"Shading Mode"},"sceneLighting":false,"audioPlay":false,"sceneViewState":{"showFog":true,"showMaterialUpdate":false,"showSkybox":false,"showFlares":true,"showImageEffects":true,"showParticleSystems":true},"in2DMode":false,"pivot":{"x":2.109999895095825,"y":3.9700000286102297,"z":3.5999979972839357},"rotation":{"x":-0.0024904750753194095,"y":0.9936029314994812,"z":-0.1107451319694519,"w":-0.022360263392329217},"size":3.688748836517334,"orthographic":true}